clean_title,label
breaking first nfl team declares bankruptcy over kneeling thugs,0
court orders obama to pay million in restitution,0
update second roy moore accuser works for michelle obama right now,0
oscar pistorius attempts to commit suicide,0
trump votes for death penalty for being gay,0
putin says â€˜pope francis is not a man of godâ€™ mustsee,0
new york man wanted for infecting men and women with hiv,0
saudi arabia to behead school girls for being with their male friends without parents or a guardian,0
malia obama fired from cushy internship at spanish embassy,0
target to discontinue sale of holy bible,0
youngest world leader bans george sorosâ€™s foundations from austria,0
breaking hillary clinton has third heart attackdocs says she â€˜wonâ€™t surviveâ€™,0
barack obama tweets sick attack on john mccain says he should have died,0
president trump underscores usjamaica relations,0
actress sandra bullock to hillary clinton if you dont like our president you can leave and never come back again you are one jealous woman who ls nothing to compare with trump i hope he will arrest y,0
gretchen carlson â€œthe nd amendment was written before guns were inventedâ€,0
pope francis at mass â€˜jesus is metaphorical not literalâ€™,0
black men arrested in philadelphia starbucks settle for million,0
ice detainer issued for suspected wine country arsonist in sonoma jail,0
former presidents walk fine line in trumpâ€™s america,0
inside the snapchat bloodbath minutes of terror which left dead bodies in classrooms and kids full of blood,0
breaking nancy pelosi to resign after new revelations â€“ nrtonline,0
donald trump inauguration artists who wont perform at ceremony include elton john celine dion and john legend,0
breaking leaked picture of obama being dragged before a judge in handcuffs for wiretapping trump,0
clinton campaign official arrested by fbi on child rapetrafficking charges,0
donald train news breaking rosa parksâ€™ granddaughter slams racist democrats endorses trump,0
nra president jim porter falsely accused of saying â€œitâ€™s only a matter of time before we can own colored people againâ€,0
biden raises possibility of presidential bid,0
nyc physician and wife jump to deathâ€¦leave kids behind because they â€œcanâ€™t afford the health careâ€ only hours after mccain murkowski collins and every democrat voted to keep obamacare,0
snapchat is shutting down,0
rice told investigators why she unmasked trump aides,0
breaking meryl streep just got fired from a major project for lying about trump,0
clinton email we must destroy syria for israel,0
cnn host fareed zakaria calls for jihad rape of white women,0
could trump win the nobel peace prize peace in korean peninsula would be significant foreign policy achievement,0
update hillary clinton leaves the country as mueller indictment is announced,0
breaking illegal muslim from iran arrested for starting california wildfire,0
nfl lawyer who claimed super bowl is â€˜riggedâ€™ found dead,0
japanese whaling crew eaten alive by killer whales dead,0
barrels removed from clinton property contain parts from missing women,0
liberal women hate me because of my â€œstriking beauty and intellectâ€ says kellyanne conway,0
buzz aldrin â€˜passes ufo lie detector test leaving experts convinced that he encountered alien lifeâ€™,0
full text jeff flake on trump speech transcript,0
mike pence â€œallowing rape victims to have abortions will lead to women trying to get rapedâ€,0
paul ryan â€œ million americans choose to be poor so itâ€™s their own problem if they canâ€™t afford to be healthyâ€,0
pope francis gun owners canâ€™t call themselves christian anymore,0
about mayor bhalla,0
neon nettle,0
broward county sheriff fired for lying about parkland,0
tom price â€œitâ€™s better for our budget if cancer patients die more quicklyâ€,0
breaking greitens accuser admits photo session may have been a â€œdreamâ€,0
obama administration kept illegal mexican kids in detention camps as â€œexperimentâ€,0
pope francis to followers â€œkoran and holy bible are the sameâ€,0
united airlines flight attendant slaps crying baby during flight,0
cia release documents of moon moon has more than million citizens,0
how donald trump lost the war on christmas,0
thousands killed as israel drops tactical nuclear bomb on syria,0
man charged with murder after driving into antifarright protesters in charlottesville,0
breaking fox sports cancels all nfl broadcasts â€˜until players respect the flagâ€™,0
the legislative process,0
head of nfl fines steeler teammates million each,0
debbie wasserman schultz aide arrested trying to flee the country,0
breaking sasha obama just crashed her expensive new car into a lake,0
sid miller,0
kasich â€œif a woman is not intelligent enough to keep her legs closed how can we entrust the abortion decision to herâ€,0
democrat maxine waters has shown up to only of congressional meetings for years,0
gop official who says america needs another shares with trump,0
yearold who killed a muslim in selfdefense gets the death penalty,0
dea just raided a united states senator,0
cnn shocks america fires â€˜journalistâ€™ who made fun of sarah sandersâ€™ face,0
trumpâ€™s dhs secretary confirms they are preparing to arrest sanctuary city leaders,0
twelve more hurricanes headed towards us,0
california democrat maxine waters charged on counts do you support this,0
breaking british intelligence seizes clinton foundation warehouse million in cash â€“ nrtonline,0
official rudy giuliani officially resigns trumpâ€™s legal team on its last leg,0
michelle obama just received lifeshattering news from the doctor,0
special report georgia becomes first state to ban muslim culture in historic move to restore western values,0
tens of thousands of scientists declare climate change a hoax,0
the numbers dont lie occupy democrats,0
donald trump to issue an executive order to ban facebook across us,0
the hacked emails at the center of muellerâ€™s russia investigation explained,0
just in barack obama arrested in a japanese drug bust,0
lisa page squeals dnc server was not hacked by russia,0
bin laden is â€œalive and well in the bahamasâ€ says edward snowden,0
robert redford says michelle and barack obama should get five years in prison,0
delta ticket,0
breaking maralago destroyed by irmajared kushner still missing,0
puerto rico mayor facing fraud charges over m in federal disaster relief,0
dying year old cia agent admits to killing marilyn monroe,0
breaking news fbi uncovers evidence that million trump voters are all russian agents,0
if you are using this toothpasteâ€¦ throw it away immediately nov,0
queen elizabeth says â€œmuslim refugees are dividing nationality i fully agree with donald trump we shouldâ€¦â€video,0
account suspended,0
mccain blamed for sabotaging trump,0
create a prank and trick your friends,0
bombshell comey knew murdered dnc staffer seth rich was wikileaks source covered it up for hillary,0
american news is under construction,0
actress jennifer aniston â€œme and all the trump supporter celebrities decide to make a company named â€œcelebrities for trumpâ€ which fight against all anti trump celebrities i think president trump ne,0
police officers firefighters and others get hit with tax penalty,0
whoopi goldberg navy seal widow was â€œlooking for attentionâ€,0
starbucks just placed trumpâ€™s photo on floor so every customer have to step on itâ€¦,0
food stamp enrollment drops by four million in one month,0
obama goes to g summit,0
melania trump hired exorcist to â€˜cleanse white house of obama demonsâ€™,0
urgent proposed law would charge protesters with terrorism,0
factcheck no fall river massachusetts was not â€˜built by immigrantsâ€™,0
clint eastwood leaves his estate to the trump campaign,0
actor brad pitt trump is not my president we have no future with this,0
police find white female bodies in freezers with â€œblack lives matterâ€ carved into skin,0
breaking trump fires deputy attorney general rod rosenstein raising questions over muellerâ€™s fate,0
jefferson davis statue to be replaced with obama likeness,0
john hagee calls for â€œprosecuting women who say godâ€™s name during intercourseâ€,0
the kardashians donate whopping sum to las vegas mass shooting victims,0
colorado rockies baseball team to sell marijuana brownies at their concession stands,0
mitt romney â€˜trump has some very serious emotional problems he must resign before weâ€¦â€™,0
breaking trump removes muslim federal judge for trying to implement sharia law in america,0
breaking autopsy results from vince fosterâ€™s exhumed bodyâ€“cause of death to be changed,0
bill gates â€œi think donald trump will go down to history as one of the greatest presidents just like reaganâ€,0
florida bridge collapse female company,0
hrc caught on tape laughing about irma Â‘wiping out all of those florida hillbilliesÂ’,0
alabama state police arrest poll workers in birmingham,0
hollywood celebs we will go on â€˜total strikeâ€™ if trump does not resign,0
breaking roy mooreâ€™s accuser arrested and charged with falsification,0
white house chef quits because trump has only eaten fast food for months,0
yearold voters in north carolina,0
denzel washington hit by facebook fake news story on trump,0
nasa will pay you usd to stay in bed and smoke weed for straight days,0
breaking nancy pelosi was just taken from her office in handcuffs,0
paul ryan â€œdonald trump plans to resign from office within the next daysâ€,0
listen curious robocall seeks damaging information on moore,0
national guard storms mexico border makes gamechanging impact in just days,0
breaking florida moves for full recount of state over massive voter fraud details,0
breaking shep smith to be canned because he canâ€™t control his hate for donald trump,0
pound great white shark captured in great lakes,0
wife of las vegas massacre victim â€˜he saved my life and lost hisâ€™,0
breaking malia obama expelled from harvard,0
bachmann â€œwhite people have suffered more in the last years than blacks did during couple years of slaveryâ€,0
babysitter on crystal meth eats monthold baby,0
contact support,0
just in john kerry facing prison,0
just in sarah palin in a coma after hit and run,0
trump declares globalist soros as â€œnational security threatâ€â€¦using obamaâ€™s executive order,0
delta targeted in online free airline ticket scam,0
melania just hit donald trump with shocking announcement he never saw coming,0
obama canceled it trump reinstated it â€“ a very sacred day is back,0
uspostmancom is for sale us postman,0
bumble bee foods charged after man cooked with tuna,0
morgue employee cremated by mistake while taking a nap,0
hillary clinton furious at â€˜special giftâ€™ melania trump sent her from her hospital bed,0
stephen bannon â€œnobody can blame you for beating your wife if itâ€™s out of loveâ€,0
a fake photo of emma gonzÃ¡lez went viral on the far right where parkland teens are villains,0
information for the nation,0
majorthoughtscom,0
trump on revamping the military weâ€™re bringing back the draft,0
us representatives promise implement of un guncontrol plans,0
bill gatesâ€™ former doctor says billionaire â€˜refused to vaccinate his childrenâ€™,0
haiti official getting ready to testify against clinton foundation corruption next week found dead with â€œgunshot to the headâ€,0
facebook picks sides in alabama senate race shuts down gateway pundit and breitbart reports on discredited allred accuser,0
cannibals arrested in florida claim eating human flesh cures diabetes and depression,0
laguna beach antifa m david hogg didnt attend parkland high school i went to school with him at redondo shores high school in california and he graduated in here he is in our yearbook from,0
lady gaga on twitter,0
american news is under construction,0
kushner and wife ivanka trump were tossed out of the white house â€” and donald is cutting them out of his will,0
thinking about writing in a candidate on election day read this before you do,0
trump gives chaffetz the thumbs up for investigating hillary clintonâ€™s email server,0
obama secretly flees us â€“ leaves stunning evidence behind,0
breaking monica lewinsky found dead in roslindale,0
breaking the democrat james comey has been having an affair with was just revealed details,0
abc news joins obama in ban of american flag lapel pins hereâ€™s what you need to know,0
things you didnt know about nancy pelosi,0
mom applies a remedy to her baby moments later he dies be careful with this moms,0
clinton foundations sends water to houston for a bottle,0
flight crew takes a knee and walks off leaving new orleans saints stranded on runway,0
floyd mayweather jr donates a whopping sum of money to houston after hurricane â€“ what you missed,0
new star wars movie filming near rosenberg texas large number of extras needed â€“ wbn news,0
chuck schumerÂ’s steamy affair with a high school cheerleader confirmed,0
tennessee gop twitter taken down after tweet exposing pelosi involved in pedophilia,0
of black men in atlanta are homosexuals study says,0
texas church shooter was a militant atheist,0
pope calls for world wide gun confiscation except for the un,0
breaking barcelona terrorist has a cousin in the us named barack,0
breaking president trump just told paul ryan â€˜youâ€™re firedâ€™,0
â€œhiv virusâ€ found in walmart bananas after year old boy agreements the infection,0
senate democrats demand supreme court nominee not be unduly influenced by us constitution,0
application for â€˜march for our livesâ€™ permit was made months before parkland school shooting,0
michigan muslims arrested in fedâ€™s â€˜largest bust in us historyâ€™,0
boom roy moore takes the military vote pulls ahead by k votes,0
julia roberts claims â€˜michelle obama isnâ€™t fit to clean melaniaâ€™s toiletâ€™,0
new jersey police chief says black people â€˜have no valueâ€™ and should all be executed,0
state of minnesota has just handed over full control to muslims so they can take down â€˜infidelsâ€™,0
breaking clinton foundation cargo ship raided at port of baltimore reveals sick secret,0
miley cyrus donald trump is a fking nightmare,0
breaking bill oâ€™reilly in critical condition after being attacked by â€˜tolerantâ€™ liberals,0
bill murray had this to say about rochester new hampshire residents â€“ news daily,0
keanu reeves shook the world with another powerful message,0
breaking ken starrâ€™s plane just disappeared on his way to dc to testify against hillary,0
trump wants to deport american indians to india,0
breaking johnny depp taken into custody by secret service,0
peter strzok fbi agent in texting scandal will testify before congress,0
trump removing marines from the navy,0
mueller will be forced to resign over pelosi affair,0
donald trump praises colonel sanders for his service in the civil war manny schewitz o days ago off the wire speaking to our intern dave robicheaux who is paid in facebook likes trump insisted col h,0
charleston shooter dylann roof moved to death row in terre haute federal prison,0
trump vows to end winter heating assistance for elderly and disabled â€“ our voice,0
breaking supreme court issues its first bench warrant ever,0
clinton foundation largest unprosecuted charity fraud in historycharles ortel,0
you are being redirected,0
smoking in cars with children is illegal starting january,0
fbi uncovered russian bribery plot before obama administration approved controversial nuclear deal with moscow,0
nasa has just confirmed earth has a new moon,0
the prorussia proweed proassange gop congressman who will be tough to beat,0
target recalls water absorbing toys due to serious ingestion hazard,0
update malia obama among arrested in racist antifa attack,0
uf requests to cancel rivalry game against fsu,0
las vegas shooting witnesses report multiple gunmen dressed as security guards oct,0
alternativemediasyndicatecom,0
breaking us comedian kevin hart in critical condition after gory car crash,0
trump approval rating better than obama and reagan at same point in their presidencies,0
fox news sandra smith â€œeverybody could see from the united airlines passengerâ€™s behavior that he was not a genuine americanâ€,0
flashnewscornercom,0
dncâ€™s donna brazile dedicated her book to â€˜patriotâ€™ seth rich whose death made her fear for her own life,0
manager killed employees at checkers on st and ave,0
obama announces bid to become un secretary general â€“ usa news,0
mexicoâ€™s next president calls for an invasion of the usâ€¦,0
nasa announced that it communicated with four races of aliens,0
ohio student suspended for staying in class during national walkout day,0
breaking news prince william and harry donates million to hurricane harvey victims,0
morgan freeman â€˜jailing hillaryâ€™ best way to â€˜restore public faith in govtâ€™,0
jason aldean gig canceled after he sells out to liberals on snl,0
trump orders obama deep state operatives arrested for treason,0
inside a fake news sausage factory â€˜this is all about incomeâ€™,0
cnn to permanently close its doors as ratings plunge percent,0
report kim jong un killed in trumpâ€™s overnight black op attack on north korea,0
statement from fda commissioner scott gottlieb md on fdaâ€™s ongoing efforts to help improve effectiveness of influenza vaccines,0
eric trump it would be foolish for my dad to release tax returns,0
breaking roy mooreâ€™s accuser worked for democratic leaders and is actively campaigning for mooreâ€™s opponent â‹† activist mommy,0
civil war erupts in sweden as irate swedes burn nine muslim refugee centers to the ground,0
mental images,0
kurt russel just showed overpaid celebs itâ€™s time to shut up about trump â€“ hits them where it hurts,0
first indictment issued in russian bribery case tied to obamaera uranium one deal,0
trumpâ€™s top scientist pick â€œscientists are just dumb regular people that think dinosaurs existed and the earth is getting warmerâ€,0
stunning democrats boo and groan at trump mention of murder victims of ms killers video,0
breaking trump just gave every working legal man woman and child in the usa each,0
investigators anthony bourdain was killed by clinton operatives,0
friendly fire â€¦ charlottesville car attacker is antitrump antifa supporter,0
breaking people just found dead in ohio,0
denzel washington with trump we avoided war with russia and orwellian police state,0
oprah winfrey the butler racism and obama,0
all citizens who want to receive gvt benefits must agree to be microchipped in the near future,0
usa mysterious nazi submarine from wwii discovered in great lakes,0
breaking obamaled un has just made it official us to immediately pay blacks â€˜reparationsâ€™,0
computer models show irma destroying new york city on sept,0
nasa will pay you to stay in bed for days,0
breaking president trump pardons kim davis,0
last in queen elizabeth iis line of corgis dies says british press,0
and we pay her a salary judge jeanine pirro has fans,0
whoopi goldberg humiliated handcuffed and dragged out of the tv studio,0
breaking czech republic arms citizens â€“ â€œyou can now shoot terrorists on sightâ€,0
alabama football crimson tide disqualified from national championship,0
georgia mosque keeps hurricane harvey donations will send to syrian refugees instead,0
worlds most popular candy to be removed from shelves by october,0
scott baio beloved face of conservatism dies in small plane crash on his way to visit trump,0
breaking black hockey player fired after raising fist during national anthem,0
attorney general sessions statement on recusal,0
breaking rosa parksâ€™ daughter praises trumpâ€™s response to charlottesville â€“ forfreedomworld,0
trump warns russia over jehovahâ€™s witnesses ban and urges members to seek asylum in the us,0
bombshell obama paid fbi informant over million to do it to trump even after the election,0
singer tina turner â€œthis thanksgiving is the first time in years that i am thankful for our president god bless him and his supportersâ€ do you support to tina â€“ american president donald j tru,0
democrats go full tyranny now demand nationwide gun confiscation from lawabiding americansâ€¦ at gunpoint of course,0
fox network picks up â€˜roseanneâ€™ saying it has no problem with occasional racism â€“ the newly press news network â€“ potus press network,0
ice removal key goal of democrats in election,0
obama orders lifesized bronze statute of himself to be permanently installed in white house,0
donald trump dead from a fatal heart attack â€” steemit,0
vets for trump facebook page,0
red hen owner just issued sick threat to sarah sanders after biz was destroyed by booting her,0
libtard hero al franken forced to resign in disgrace,0
fox news shepard smith why is it lie after lie after lie on russia meeting,0
trump nation,0
wilmington regional film commission,0
man loses his testicles after attempting to smoke weed through a scuba tank,0
proudleadercom,0
emma gonzalez bullied school shooter isnâ€™t sorry then retweets message blaming â€œwhite boysâ€™ entitlementâ€ as cause of all school shootings,0
lady gaga reveals plan to cover her face again â€œuntil trump gets fired from office and i feel free once moreâ€,0
â€œgay people should wear speciallycolored clothes to warn straight peopleâ€,0
san juan city council votes unanimously to impeach trumphating mayor,0
update van full of illegals caught voting at multiple alabama polling locations,0
breaking irish superstar saoirse ronan dies after onset accident in st lucia,0
information for the nation,0
we called it gloria allred accuser admits she tampered with roy moores yearbook signature video,0
miss universe guayana arrestada con kilos en london airportğŸ˜±,0
nancy pelosi suffers breakdown taken from capitol hill on a stretcher,0
smoking gun san juan teamsters didnt show up for work to distribute relief supplies,0
breaking president trump signs executive order stripping nfl of â€˜nonprofitâ€™ status,0
michelle obama â€˜florida shooting is clearly trumpâ€™s fault these shootings are happening constantly since he became our presidentwe must protect our children from this tyrantâ€do you support herâ€™,0
first family visits dc shelter highlights homeless veteransâ€™ plight,0
hillary in hiding as police discover dead body hidden in huma abedinâ€™s dumpster,0
breaking president trump makes english the official language of the united states,0
breaking santa fe killer confesses his love for obama,0
pence â€œmichelle obama is the most vulgar first lady weâ€™ve ever hadâ€,0
â€˜nasa confirmsâ€™ days of darkness coming this month,0
snoop dogg arrested for conspiracy after talking about his â€˜murder trumpâ€™ video,0
shaquille oâ€™neal says â€˜trump is possibly the best president of the president of all times ever he is not afraid toâ€¦â€™,0
breaking mike huckabee just fired,0
update florida governor rick scott now listed as critical after bizarre hurricane cleanup accident,0
breaking muslimsâ€™ disturbing plan comes out after grocery stores go bare to prepare for irma,0
virginia republican wants schools to check childrens genitals before using bathroom,0
leonardo dicaprio tells president obama that hes going to mars,0
prince william may not attend royal wedding leaving harry without a best man princess diana would not be happy,0
man pardoned by obama â€˜executedâ€™ by masked men at halfway house,0
ecfr â€” code of federal regulations,0
student hasnt stopped filming since florida school shooting,0
breaking trump caught investing in dakota pipeline before signing it,0
fda announced that vaccines are causing autism,0
carnival cruise lines will now offer free cruises,0
breaking fox star tucker carlson in critical condition after head on collision driving home,0
busted obama is holding secret meetings to overtake the white house,0
texas law enforcement officer fatally shot upon arriving for work by muslim refugee do you support to deport them,0
hurricane irene â€˜photoâ€™ of shark swimming in street is fake,0
bombshell internet sleuths just found the smoking gun on dems planning violence in charlottesville,0
new regulation requires mph governor on all motorcycles,0
spicer â€œtrump has the legal right to cancel scotus because they serve at his pleasureâ€,0
breaking fbi just raided the white house people thrown out,0
breaking conservative icon ted nugent killed in hunting accident,0
melania trump undergoes kidney surgery at walter reed medical center,0
no sandra bullock didnt disparage hillary clinton,0
jimmy carter â€œmedical marijuana cured my cancerâ€,0
obama not donald trump may be invited to royal wedding of prince harry and meghan markle,0
seattle police begin gun confiscations no laws broken no warrant no charges,0
trey gowdy breaks his silence after of his investigators are found tortured and killedâ€¦,0
celebrities who say theyll move to canada if donald trump becomes president,0
malia obama arrested with a gang of thugs in chicago,0
southwest airlines,0
prolifers declare â€œejaculation is murder every sperm cell is a lifeâ€,0
somali immigrant crashes car into ohio families home killing the infant at home,0
post claiming free tickets on allegiant air,0
british politician beaten by protestors for welcoming trump to the uk,0
archbishop desmond tutu dies while holidaying in texas,0
breaking trump just ended welfare for one huge group for years â€“ let the riots erupt,0
executive order leads to capture of isis leader rasheed muhammad,0
eric schneiderman helped nxivm sell child sex slaves to the clintons,0
melania trump â€˜if isis lay a finger on barron iâ€™ll scratch obamaâ€™s eyes outâ€™,0
breaking fbi issues warrant for obamaâ€™s arrest after confirming illegal trump tower wiretap,0
chinese lunar rover finds no evidence of american moon landings,0
whoa youtube witness makes shocking admission on live tv cnn pulls plug immediately â€” sharered,0
this article retracted red crescent says no evidence of chemical attack in syriaâ€™s douma,0
â€˜smallvilleâ€™ star confesses she sold children to rothschilds and clintons,0
maxine waters is getting criminally charged,0
this is amazing in the new york times said trump would be our best presidentâ€¦they forgotâ€¦,0
the cnn porn scare is how fake news spreads,0
breaking crew of air force one refuses to fly obama miles â€˜just to play golfâ€™ â€“ buzzfeedusa,0
breaking federal judge grants permission to subpoena trump,0
just in wapo reporter who broke news on judge roy moore story has a criminal history of â€œfakingâ€ percentfedupcom,0
actress emma stone â€˜for the first time in history we have a president thatâ€¦,0
lance armstrongs defiant twitter photo shows him relaxing with seven yellow jerseys,0
pier terrorist was an antitrump antifa supporter,0
bill clintonâ€™s hitman confesses on his deathbed source hannity,0
white supremacist who killed protester is a democrat and visited obama in oval office updated â€“ newsfeed â€“ hasslefree allsorts,0
what adam sandler is saying about mormons,0
law passed all child support in the united states will end by beginning of,0
alabama secretary of state,0
hurricane irma if there was such a thing as a category hurricane this would be it,0
breaking putin interference could give courts legal right to make hillary president,0
texas church shooter was antifa member who vowed to start civil war,0
dailynativeus,0
australia becomes first country to begin microchipping its citizens,0
clinton body count series woman set to testify against clintons blown up in home explosion,0
obamaâ€™s tax skipping â€“ audit shows millions in offshore accounts,0
washington state legislature votes to change its name because george washington owned slaves,0
kim jong un dead north koreans calling trump an assassin,0
donald trump signs a visafree travel policy for ghana,0
bill gates outlines plan to depopulate the planet,0
legendary actor kirk douglas dead days before his st birthday,0
trueamericansme nbspthis website is for sale nbsptrueamericans resources and information,0
breaking hillary clinton killed in monster truck mishap,0
breaking million rounds of ammo that â€˜went missingâ€™ under obama turns up in enemy hands,0
pounds of counterfeit rat meat has been sold as chicken wings in the us,0
tulsa school closes after brutal fire,0
breaking malia obama suspended after racist antiwhite attack goes viral,0
mccainâ€™s death bed secret just came out about who he killed after skeleton suddenly resurfaces,0
Ğ½Ğ¸ Ñ‡ĞµĞ³Ğ¾ Ğ½Ğ¾Ğ²Ğ¾Ğ³Ğ¾ ĞºĞ°Ğº Ğ¿Ñ€Ğ°Ğ²Ğ¸Ğ»ÑŒĞ½Ğ¾,0
un official accidentally crushes own throat right before testifying against hillary clinton,0
we will riot michelle obamaâ€™s mom will receive k every year out of taxpayersâ€™ pockets,0
new law makes it illegal to shower and do laundry on same day,0
breaking laura ingraham just fired,0
just in today trey gowdy is the new director of the fbi,0
breaking hilary clinton filed for divorce in new york courts,0
frequently asked questions,0
south african firm ordered to lay off white employees,0
pope says that the rights of muslim migrants trump any safety concerns that you might have with them in your country,0
a trump fan was just charged with trying to murder maxine waters on same day trump threatened her,0
it begins california appoints first illegal alien to state office â€“ trump has better plan,0
secret service agent says obama is muslim gay in new tellall book,0
iâ€™ll make sure you are jailed donald trump tells ghanaâ€™s prez mahama â‹† ghana home ghana news politics info news on ghana ghana,0
just in states just banned sharia law do you support this â€“ christmasgifts,0
president trump just saved christmas for million retirees,0
confirmed justice ruth bader ginsburg is resigning from the post of associate justice of the supreme court,0
fbi raids obama â€“ find massive secret that was hidden for years,0
fox news accidentally puts up a poll graphic that shows how they are the least trusted network,0
the daily shows michelle wolf lands her own netflix latenight show exclusive,0
russian source behind trump dossier killed in russian plane crash rosatom cfo also dead conspiracy,0
familys private investigator there is evidence seth rich had contact with wikileaks prior to death,0
obamaâ€™s private â€˜securityâ€™ company sets up massive camps outside major cities,0
usda approves slaughterhouses producing horse meat for human consumption,0
delta force raids obama stronghold in thailand,0
accessed aug,0
bowe bergdahl wanders off during courtmartial â€” duffel blog,0
iranian official drops bombshell obama secretly gave citizenship to iranians as part of nuke deal,0
isis lays down arms after katy perryâ€™s impassioned plea to â€˜like just coexistâ€™,0
breaking supreme court sides with trumpâ€“this changes everything,0
breaking barron trump rushed to the hospital hospital releases statement on his condition,0
international arrest warrant issued for george soros,0
george hw bush has died at â€“ new york,0
keanu on trump travel ban just terrible,0
wake up america,0
account suspended,0
police discover meth lab in back room of alabama walmart,0
florida passes bill legalizing recreational use of marijuana,0
twitter caught leaking donald trumps private messages in undercover sting,0
senate report admits clinton â€˜giftedâ€™ children to human traffickers,0
rubio â€œrape victims should be in custody if there is suspicion that theyâ€™re planning abortionâ€,0
radical muslims in australia offended that their children have to sing the national anthem,0
rep paul gosar asks capitol police to arrest illegal immigrants attending state of the union,0
worse than hitler trey gowdyâ€™s son found in a dumpster in dc murders are being questioned,0
donald trump protester speaks out â€œi was paid to protest trumpâ€™s rallyâ€,0
breaking liberal celebrities arrested for conspiracy to assassinate president trump,0
singer dolly parton â€œtrump in one year is already better than yearsâ€™ of bush obama â€˜put togetherâ€™ this stupid liberals doing everything to impeach him but we standing with trump now and forever,0
busted russian mansions obama seized were meant to be illegal gifts to sasha and malia,0
who is affected by the government shutdown,0
lindsey graham threatens to convert to democrat if republicans donâ€™t dump trump â€“ true trumpers,0
electoral college elector commits suicide to avoid voting for donald trump,0
sarah palin calls to boycott mall of america because â€œsanta was always white in the bibleâ€,0
account suspended,0
national federation of independent business,1
comments in fayetteville nc,1
romney makes pitch hoping to close deal elections the rocky mountain news,1
democratic leaders say house democrats are united against gop default act,1
budget of the united states government fy,1
donald trump exaggerates when he says china has total control over north korea,1
th amendment,1
å­ä¾›ãŸã¡ã®ã‚³ãƒˆã€‚ç§ã®ã‚³ãƒˆã€‚,1
briefing by white house press secretary robert gibbs,1
a solar grand plan scientific american,1
covering young adults under the affordable care act the importance of outreach and medicaid expansion,1
harry reid says gop should stop crying about reconciliation,1
political tv ad archive Â» polad,1
bureau of labor statistics data,1
summary of the affordable care act,1
this week transcript holder and giuliani,1
impeachment talk becomes a cynical game,1
preventing the flu good health habits can help stop germs,1
las vegas campaign rally,1
moveonorg political action things to know about mccain,1
rand paul campaigns in iowa for millermeeks,1
hispanic populations share of wealth likely to increase by,1
hillary clinton says guns exceed next nine categories as leading cause of death for young black men,1
already a lost decade workingage household income down more than since,1
us senate supreme court nominations present,1
politifactâ€™s annotated transcript of the second presidential debate,1
obamas comments on capandtrade costs,1
des moines register,1
the tonight show with jay leno,1
this week transcript pelosi and gates,1
losing ground foreclosures in the subprime market and their cost to homeowners,1
joint dhs and odni election security statement,1
us senate us senate roll call votes th congress,1
palinhuey,1
employment hours and earnings from the current employment statistics survey national home page,1
no we canâ€™t or wonâ€™t,1
barack obamaâ€™s remarks in st paul,1
letter to chaffetz and cummings,1
the arena politicos daily debate with policymakers and opinion shapers,1
the economic burden caused by tax code complexity,1
mcdonnell letter urges no delay in virginia offshore energy exploration and development,1
to young people who are undocumented this is your country too,1
transcript of ap interview with trump,1
change we can believe in,1
infrastructure report card,1
gop task force lone democrat eye trafficking law,1
dr james dobson,1
mccain mcsame as bush,1
johnheis,1
remarks on counterterrorism at stanford university,1
iq media clip player,1
remarks by the president on increasing oversight on manipulation in oil markets,1
us armys involvement in motorsports,1
un refugee agency welcomes arrival of th syrian refugee resettled to united states,1
watch a replay of fox news pm presidential debate,1
itâ€™s time for the senate to do its job â€“ congressman mike honda â€“ medium,1
ralph nader on barack obama it is quite clear he is a corporate candidate from a to z,1
marco rubio says ted cruz voted for defense cuts in rand pauls budget proposal,1
births preliminary data for,1
congress job ratings,1
before leaving governorâ€™s office in mitt romneyâ€™s staff eliminated email records,1
transcript the democratic debate in milwaukee annotated,1
crist has experience to be vice president mccain says,1
strong words in ohio as obama and clinton press on,1
lexisnexisr publisher,1
â€œdictionaryâ€ on president obamaâ€™s health care taxes,1
memory lapse trump seeks distance from advisor with past ties to mafia,1
gross domestic product percent change from preceding period,1
who benefits from president trumpâ€™s child care proposals,1
organizing for action,1
presidential election,1
the return of the viral email,1
this week transcript rep paul ryan,1
international energy statistics,1
interview with sen john mccain,1
obama campaign radio ad,1
remarks by the president on a new strategy for afghanistan and pakistan,1
at trump hotel site immigrant workers wary,1
preliminary analysis of the chairmanâ€™s mark for the americaâ€™s healthy future act as amended,1
candidate comparison,1
political tv ad archive Â» polad,1
ted cruz full meet the press interview,1
new energy ad,1
session law,1
interview with rudy giuliani,1
this week transcript mckay napolitano salazar and allen,1
missing teenager found in new jersey,1
full text jeff flake on trump speech transcript,1
this week transcript biden,1
rising to a new generation of global challenges,1
browse congressional bills,1
taxable estates estate tax liability and average estate tax rate by size of gross estate,1
biden issues statement following conversation with musharraf,1
remarks by the president on the american jobs act,1
remarks in philadelphia,1
krugman calls senate health care bill similar to law in massachusetts,1
us government accountability office report to congressional committees,1
philando castile had been stopped times by police,1
regular session senate transcript,1
no more dragging up the rear arkansas bows to pressures to put schools to the test,1
committee on the judiciary,1
about bright horizons child care family solutions,1
no midoct paycheck for troops if government shuts down lawmaker says,1
full interview transcript president barack obama,1
national income and product accounts table relation of gross domestic product,1
americas enduring strength,1
debt day a symbol of washingtonâ€™s arrogant culture of borrowing and spending boehner oped on townhallcom,1
this week transcript former vice president dick cheney,1
transcript blueribbon panel on health care,1
republican response to president barack obamas weekly radio address,1
the colbert report,1
us senate us senate roll call votes th congress,1
striking it richer the evolution of top incomes in the united states update with estimates,1
outlook office skype bing breaking news and latest videos,1
chinas space threat how missiles could target us satellites,1
job openings and labor turnover survey news release,1
this week transcript goolsbee brown corker,1
analysis of the presidential candidatesâ€™ tax plans,1
us considers more troops for afghanistan,1
rd democratic debate transcript annotated who said what and what it meant,1
joni ernst promises ad,1
testimony on the alternative minimum tax,1
obama criticizes mccain on lobbyists,1
secret video romney tells millionaire donors what he really thinks of obama voters,1
peace through strength and american pride vs â€œenemycentricâ€ policy,1
this week transcript sen dianne feinstein and rep mike rogers,1
thereâ€™s another choice â€“ gov gary johnson â€“ medium,1
florida democrats ask hhs to protect floridians from high insurance premiums in marketplace,1
giuliani in new hampshire,1
sale of the etch a sketch brand,1
transcript of second mccain obama debate,1
romney for president launches new television ad remember,1
mike gravel,1
letter filed on behalf of sen barack obama and the obama exploratory committee,1
school kids taught to praise obama,1
reps cummings and cole interviewed on msnbc,1
local news headlines hawaii,1
michael bennet for us senate,1
us senator rand paul of kentucky,1
hr th congress department of state authorities act of,1
spreadsheet with key indicators from oecd health data health care expenditures per capita,1
transcripts,1
care without coverage too little too late,1
rep mike pence web site,1
the border security economic opportunity and immigration modernization act as passed by the senate,1
white and blue fund ad,1
pledge of allegiance email,1
mccain spoke up early,1
ad says obama apologized showed weakness on iran,1
hillary clinton remarks at national urban league conference,1
friend of israel also woos palestinians visiting obama focuses on israels right to defend itself,1
transcripts,1
saudi arabia energy data statistics and analysis,1
us solar market insight report,1
frontpage magazine,1
obama gitmo inspires jihadists,1
raw data dick cheneys remarks to the center for security policy,1
critical mention,1
monthly treasury statement of receipts and outlays of the united states government,1
remarks of senator barack obama an agenda for middleclass success,1
is the end in sight for supermax,1
outlook office skype bing breaking news and latest videos,1
tim kaines speech in spanish at an arizona rally read now,1
trumps tough talk on hedgefund taxes doesnt match his plan,1
crime in chicago explore your community,1
john mccain for president,1
des moines register,1
new york election results november,1
sanders supports gun safety bill,1
on and on,1
sasse statement on trade war,1
monthly budget review,1
this week transcript hillary clinton,1
centers for disease control and prevention,1
employment hours and earnings from the current employment statistics survey national home page,1
nra president david keene rejects white house gun control approach pbs newshour jan,1
letâ€™s not be civil,1
average cable tv bill cited in article on industry study,1
us department of education budget history,1
lexisnexisr publisher,1
transcript bob barr on fox news sunday,1
the first trumpclinton presidential debate transcript annotated,1
border security the role of the us border patrol,1
pelosi urges minimumwage hike,1
clintons lead over trump shrinks to points new nbc newswsj poll,1
findarticlescom,1
all nobel peace prizes,1
us senator john mccain,1
hr rd congress brady handgun violence prevention act,1
hillary clinton transcript read full text of clinton campaign launch,1
john hagee discusses catholic church,1
â€œput palinâ€™s wolfkilling record on televisionâ€,1
transcripts,1
the hill oped go natural go nuclear,1
amendment to to declare english as the national language of the government of the united states,1
declining business dynamism in the united states a look at states and metros,1
nexisÂ® sign in,1
rep vern buchanan on twitter,1
transcripts,1
ivanka trump father feels vindicated after comey hearing,1
mccain touts gang of immigration reform,1
planned parenthoodÂ® action center,1
cpd debate transcript,1
more czars than the romanovs,1
impact of senator obamas tax proposals as described by economic advisors on workers distribution of federal tax change by cash income percentile,1
he says universal but its no guarantee,1
obama addresses key concerns for floridians,1
chairmans mark americas healthy future act of,1
oped by president obama president obama reflects on the impact of title ix,1
this week transcript adm mike mullen,1
obama demands investigation into subprime loan discrimination,1
lexisnexisr publisher,1
outlook office skype bing breaking news and latest videos,1
hillary clinton transcript building the â€˜growth and fairness economyâ€™,1
topic a how can president obama regain his political footing,1
autos the dinosaur hunter,1
sen rob portman roh delivers weekly gop address on american jobs,1
outlook office skype bing breaking news and latest videos,1
forget kiev the real fight will be for crimea,1
presidential election,1
public financial disclosure report,1
mccain campaigns in nashville,1
hn vaccinations to be offered to guantanamo bay detainees,1
inquiry sought in hillary clintonâ€™s use of email,1
cnns don lemon bill oreillys criticism of black community doesnt go far enough,1
fy presidents budget,1
give me a break americans against food taxes tv ad,1
barack obama on twitter,1
text hr th congress mandatory gun show background check act,1
noted and quoted,1
the associated press obama hits clinton on nafta support,1
democratic debate bernie sanders really isnt as socialist as president eisenhower,1
this week transcript madeleine albright sen lindsey graham sen kent conrad and david cote,1
oct levin graham mccaffrey myers roundtable,1
us foreign economic and military aid by major recipient country the new york times,1
text of president barack obamaâ€™s proposed jobs bill email interview with lynne bernabei,1
republican consultant says barack obama promised to halve federal deficit in his first term,1
urban institutebrookings institution tax policy center,1
dnc tv ad trapped,1
fox news sunday,1
remarks by the president in twitter town hall,1
press release aig discloses counterparties to cds gia and securities lending transactions,1
via cq subscribers only tax foundation,1
barack obamaâ€™s remarks in st paul,1
the fact hub,1
key facts race ethnicity and medical care,1
senator bidenâ€™s remarks in springfield ill,1
rockefeller an opportunity we canÂ’t pass up,1
call islamic terrorism what it is a threat to west jeb bush says,1
obama administration opens the door for states to seek major changes in welfaretowork law,1
remarks by the president at cnbc town hall discussion on jobs,1
qa did slaves build the white house,1
health reform carries heavy price insurers claim,1
obamaâ€™s remarks at the white house health care forum,1
remarks by the president at campaign event colorado springs co,1
outlook office skype bing breaking news and latest videos,1
if democrats lose blame these guys,1
mccain john sidney iii,1
remarks by the president and first lady at a campaign event,1
as demsâ€™ â€œstimulusâ€ anniversary nears americans ask â€œwhere are the jobsâ€,1
rep poe interviewed on fox business network,1
senate democrats news conference on the senate climate action task force,1
this week transcript kaine and steele,1
race for city hall the republican candidate a mercurial mayors confident journey,1
encounters with regular guy fred thompson new york magazine,1
us trade in goods,1
remarks by the president on responsible homeownership,1
washington post breaking news world us dc news analysis,1
interview with bloomberg television,1
obamacare vs the catholic bishops,1
fdic fil revised examination guidance,1
justices to present,1
a preliminary analysis of the presidentâ€™s budget and an update of cboâ€™s budget and economic outlook,1
s th congress a bill to prohibit campaign expenditures for services of lobbyists and for other purposes,1
teamsters tout anwr on capitol hill,1
senate passes obamahagel provision aimed at preventing nuclear terrorism,1
transcript house majority leader boehner on fns,1
john mccain for president,1
background briefing on gm restructuring may,1
georgia crisis triggers war of words on white house trail,1
social security trustees report,1
us senator debbie stabenow of michigan,1
hillary clinton sits down with bill oreilly,1
the committee on energy and commerce,1
writers may have pact huckabee crosses picket lineâ€”again,1
latest world news videos photos abc news abc news,1
economy protect homeownership and crack down on mortgage fraud,1
congressman pence discusses house republican energy bill on msnbcs morning joe,1
switchboard from nrdc barbara finamores blog chinaâ€™s carbon intensity target,1
transcript vice presidential debate,1
comments at the cnn republican presidential debate in las vegas,1
palin pioneer maverick and now gamechanger,1
why the public option isnt the only answer to healthcare reform,1
one in four â€“ congressman joe pitts â€“ medium,1
congressman allen west final weekly wrapup,1
united states senator jim demint,1
rebooting you and your doctor under obamacare,1
card penalty fees soften slightly in,1
assistant professor of economics at the gatton college of business and economics at university of kentucky,1
president trump campaigns rick saccone pennsylvania mar,1
daily fuel gauge report aug,1
public citizen,1
watch full ted cruz presser on new deal with kasich update part two added,1
protecting our children from the dangers of smoking,1
part of cnn democratic presidential debate,1
families others rally in favor of nyc mosque,1
resource not available,1
mccain obama go head to head in last debate,1
take action,1
transcripts,1
this week transcript gen jim jones ret,1
renewing americas promise,1
earmark reform spending bill contains of them,1
dean ralph reed fundraiser reveals mccain double talk on ethics,1
leonard lance claims federal tax code contains million words is times as long as bible,1
public campaign action fund,1
tsa frequently asked questions,1
rep jan schakowsky on msnbc,1
donald j trump on the stakes of the election,1
moveonorg political action things to know about mccain,1
united states department of defense,1
moveonorg political action general petraeus or general betray us,1
moveonorg political action things to know about mccain,1
the cnn democratic presidential debate in texas,1
new york officials welcome immigrants legal or illegal,1
a senate in the gun lobbyâ€™s grip,1
public information officer for palm beach county property appraisers office,1
estonia might have the most efficient tax filing system in the world,1
remarks by the president on the resurgence of the american auto industry,1
pwned house gop dominates twitter youtube social media in congress,1
å½“ãƒ–ãƒ­ã‚°ã§ã¯ç¦å²¡çœŒå†…ã«ã‚ã‚‹ä¸å‹•ç”£ä¼šç¤¾ã«ã¤ã„ã¦ã•ã¾ã–ã¾ãªæƒ…å ±ã‚’ã¾ã¨ã‚ã¦ã„ã¾ã™ã€‚ç¦å²¡å¸‚ã®åˆ†è­²ãƒãƒ³ã‚·ãƒ§ãƒ³ã‚„ãƒãƒ³ã‚·ãƒ§ãƒ³çµŒå–¶ã§é ¼ã‚Šã«ãªã‚‹ä¼æ¥­ã‚’ã”ç´¹ä»‹ï¼,1
text of hr th department of defense and emergency supplemental appropriations for recovery from and response to passed congress version,1
mourning in america,1
outlook office skype bing breaking news and latest videos,1
the democratic debate in cleveland,1
interest group ratings,1
first presidential debate,1
town hall meeting in derry nh,1
outlook office skype bing breaking news and latest videos,1
john mccain,1
mccainpalin,1
political tv ad archive Â» polad,1
public views on health care overhaul top weeks news,1
most heroin in us now comes across mexican border rob portman says,1
democratic national convention committee,1
rick santorum by amending constitution we can balance the budget for good,1
social security online history pages,1
notice data not available us bureau of labor statistics,1
clinton campaignâ€™s claim that trump would â€˜force schools to allow guns in classroomsâ€™,1
obama mitt romney refused to say whether he supports lilly ledbetter act,1
foreign policy speech,1
justice department memos on interrogation techniques,1
politifactâ€™s annotated transcript of the second presidential debate,1
debbie wasserman schultz on twitter,1
remarks by president trump in a listening session on healthcare,1
romney campaign ad,1
what carly is doing tonight â€“ carly fiorina â€“ medium,1
children obama for america tv ad,1
kaiserhret employer health benefits survey,1
outlook office skype bing breaking news and latest videos,1
most heroin in us now comes across mexican border rob portman says,1
rule by rentiers,1
urban institute and the blue cross blue shield of massachusetts foundation,1
donald trump featured in new jihadist recruitment video,1
outlook office skype bing breaking news and latest videos,1
interview on fox news,1
has the potency of pot changed since president obama was in high school,1
change we can believe in,1
peanut product recall took company approval,1
action for th legislature,1
democratic national convention committee,1
iraq pullout could create chaos,1
in obamas words,1
for education secretary stimulus means dollars and risk,1
video special preview of jersey shore in miami,1
obama promises abortion in public plan,1
popular baby names,1
top presidential candidate websites,1
speech in cincinnati,1
louise slaughter on twitter,1
laws affecting reproductive health and rights state policy review,1
fox news sunday,1
international energy statistics,1
donald trump sets conditions for defending nato allies against attack,1
the state of working america pdf,1
bill clinton says he never said a bad word about senator obama at mtvus first editorial board,1
trump on prejean same as obama,1
donald trump billy bush interview scrambles race,1
transcript interview with donald trump,1
rep michael mccaul rtx appears on face the nation,1
energy and commerce committee,1
meet barack obama,1
redirect notice,1
carolyn b maloney on twitter womens health wellbeing donâ€™t seem to count in the math of the gops merciless healthcare bill we must not defund â€¦,1
fiscal year email interview with todd harrison of the center for strategic and budgetary assessments,1
shields and gerson on cabinet noms gun laws boehners leadership pbs newshour dec,1
us senate us senate roll call votes rd congress,1
cq vote studies,1
cpac former governor sarah palin rak,1
one hundred percent by club for growth action,1
browse congressional bills,1
executive order protecting the nation from foreign terrorist entry into the united states,1
debbie wasserman schultz on twitter,1
senator charles schumer ny november midterm elections nov,1
chip enrollment june data snapshot,1
remarks by the president on the economy knox college galesburg il,1
memorial day,1
this week transcript target libya,1
administration is seeking billion for wall street,1
family policy alliance,1
hillaryclintoncom,1
this labor day we need protests,1
breaking down barriers for african americans â€“ hillary for america â€“ medium,1
waronpoverty,1
supreme court vacancy video,1
us house committee on foreign affairs,1
outlook office skype bing breaking news and latest videos,1
remarks by the president on oil and gas subsidies,1
have you been to iraq â€” sens say they have by patrick fitzgerald,1
house gop introduces keep terrorists out of america act,1
should isis gains lead to more us troops in iraq,1
resource not available,1
individual income tax returns publication complete report,1
transcripts,1
state of the union,1
statement by the president,1
ron paul praises embattled rnc chief michael steele for leadership on afghanistan,1
outlook office skype bing breaking news and latest videos,1
palin tries new tactic to unload hated jet gov sarah palin background,1
barasso ready to question kagan,1
transcript briefing by press secretary robert gibbs,1
israel should welcome rouhanis election victory,1
uniform crime reports,1
political tv ad archive Â» polad,1
keeping his word lowering the cost of medicare prescriptions,1
rand paul will donald trump betray voters by hiring john bolton,1
abc news abc news,1
political figures c,1
rep ross we need to get government running again,1
president barack obama in portsmouth town hall,1
â€œput palinâ€™s wolfkilling record on televisionâ€,1
federal tax rate schedules,1
web ad a tale of two mitts,1
mccain in colorado,1
vladimir putins approval rating hits alltime high boosted by syria airstrikes,1
penniless california issues ious to firms clinics taxpayers and students,1
as americans save money their government spends with reckless abandon,1
rand paul we must demilitarize the police,1
remarks by the president at the associated press luncheon,1
ecfr â€” code of federal regulations,1
cq transcriptswire login,1
morgan griffith says epa treats milk spills same way as oil spills,1
cq vote studies,1
gdp and the economy final estimates for the third quarter of,1
transcript of wednesdays presidential debate,1
obama exclusive concedes senate voteainst raising debt limit was political,1
the page youre looking for may have been moved or renamed,1
â€˜americans need to stand togetherâ€™ hillary clintonâ€™s remarks following the orlando shooting,1
sen barack obamas answer to meeting energy demands,1
statement by the president,1
this week transcript hoyer boehner and bill gates,1
arizona department of public safety,1
sen gregg president obamas budget proposal is a disaster,1
school choice faq,1
data on campaign finance super pacs industries and lobbying,1
department of homeland security appropriations act th congress hr,1
poor and the nearpoor to,1
cain said food stamp program use up under obama,1
testimony on cboâ€™s assessment of the air forceâ€™s plan to acquire boeing tanker aircraft,1
fox news sunday,1
outlook office skype bing breaking news and latest videos,1
illinois general assembly,1
health insurance coverage in the united states,1
top picks most requested statistics us bureau of labor statistics,1
the republican road to recovery,1
democratic national convention,1
minutes transcript,1
bureau of labor statistics data,1
the texas unmiracle,1
indictment us v vince mcmahon and titan sports new haven register,1
barack obama challenges john mccain to duel over taxes,1
a comprehensive investigation of voter impersonation finds credible incidents out of one billion ballots cast,1
lexisnexisr publisher,1
the des moines register,1
the gingrich tragedy,1
obama criticizes mccain on lobbyists,1
cravaack passes amendment to improve us aviation security in opposition to obamas planned disarming of federal flight deck officers,1
barack obama says us oil production last year was highest since,1
tg treasury announces billion in expected cpp repayments,1
currentlaw distribution of federal taxes by cash income percentiles,1
part i cnnyoutube democratic presidential debate transcript,1
table of known nuclear tests worldwide,1
remarks by the president at gop house issues conference,1
hillary rodham clinton senator for new york floor speech of senator hillary rodham clinton on sj res a resolution to authorize the use of united states armed forces against iraq,1
tpmtv extra south carolina ronald reagan debate,1
a director of research for the foreign policy program at the brookings institution,1
massachusetts department of elementary and secondary education,1
expanding opportunity â€” â€“ paul ryan â€“ medium,1
country of origin labeling cool,1
outlook office skype bing breaking news and latest videos,1
mike huckabee fried squirrel out of a popcorn popper,1
transcript of wednesdays presidential debate,1
mcconnell webb jindal express uncertainty over iran nuclear deal,1
remarks by the president on comprehensive immigration reform in el paso texas,1
kerrymccain welcome to massachusetts,1
obama urges bernanke paulson to fight foreclosures hold homeownership summit,1
schneiderman suing trump over daca cites discriminatory animus,1
americas best governors,1
situation syria regional refugee response,1
transcript of republican presidential debate at the ronald reagan library in simi valley,1
sec john kelly on manchester investigation keeping america safe,1
john mccain for president,1
alert to members on abortion coverage in the house health care bill,1
terror suspects are buying guns and the fbi cant stop them,1
organizing for action,1
hannity says obama wont even use the term war on terrorism,1
a professor of american studies at lynn university,1
transcript accessed via nexis mitt romney sends taped message to nra convention,1
an open letter to all barack channel,1
obama for america tv ad firms,1
roll call on stupak amendment,1
pastors to protest irs rules on political advocacy,1
mitch mcconnell alison lundergan grimes have sharp differences on campaign finance rules,1
by mark halperin,1
ryans plan includes billion in medicare cuts says stephanie cutter,1
us senate us senate roll call votes th congress,1
table b employees on nonagricultural payrolls by major industry,1
jim demint on twitter,1
fed up our fight to save america from washington by rick perry,1
obamaâ€™s health care speech to congress,1
press release rep barton democrats stimulus will waste money abuse people and lead to unintended consequences,1
summing summertime part,1
laura ingraham wrongly says claim that support for gun background checks has been debunked,1
bill clinton says he never said a bad word about senator obama at mtvus first editorial board,1
federal election commission filing,1
transcript of debate between chris coons and christine odonnell,1
transcripts,1
barack obama says mitt romney condemned coalfired power plants as killers,1
the full transcript of the third presidential debate,1
poverty highlights,1
food standards and labeling policy book,1
this week transcript geithner,1
transcripts,1
nancy pelosi wicked witch of the west,1
or degrading treatment of punishment text of international covenant on civil and political rights text of geneva convention relative to the treatment of prisoners of war text of geneva convention relative to the protection of civilian persons in time of war text of universal declaration of human rights jay bybee assistant attorney general,1
warren buffett says the superrich pay lower tax rates than others,1
us senate us senate roll call votes th congress,1
jeb bush same resume right to rise usa pac,1
in weekly republican address boehner calls for â€œnew way forwardâ€ focused on creating jobs cutting spending reforming congress,1
us senate us senate roll call votes th congress,1
harry reid,1
video interview with howard dean,1
the democratic debate in cleveland,1
obama knows his way around a ballot chicagotribunecom,1
speech on the floor of the us house of representatives,1
everything you need to know about the drone debate in one faq,1
watch live tim kaine and corey stewart meet for first us senate debate in virginia,1
web ad a tale of two mitts,1
romney cpac speech its all about the jobs,1
patient protection and affordable care act,1
afp mccain renews attacks on obama links to radical,1
patient protection and affordable care act,1
sarah palin on twitter,1
no regrets for a love of explosives in a memoir of sorts a war protester talks of life with the weathermen,1
bill clinton on rush limbaugh his mistakes the supreme court and middle east peace,1
rick santorum sworn in as pennsylvaniaâ€™s newest senator,1
letter to the honorable john boehner providing an estimate for hr the repeal of obamacare act,1
financial rescue nears gdp as pledges top trillion by mark pittman and bob ivry,1
transcript nprs full interview with sen marco rubio,1
gore looking to turn idle fans into activists year ad campaign will feature enemies united on climate,1
the early catastrophe,1
npc luncheon with eric holder,1
face the nation transcripts august rubio priebus barbour blackburn,1
wisconsin legislature documents,1
david plouffe sen joe lieberman and gen michael hayden talk national security leaks,1
us imports exports,1
transcripts,1
in reversal mccain says lift ban on offshore drilling,1
employment hours and earnings from the current employment statistics survey national home page,1
this week transcript odierno and chiarelli,1
obamaâ€™s primetime press briefing,1
author offers insights on slavery the capitol and obamas inauguration,1
american international group inc form k,1
remarks by the president at afl cio labor day picnic,1
rep jenkins opioid crisis funding should be based on need,1
remarks by the first lady on what health insurance reform means for women and families,1
and surpluses or deficits as percentages of gdp â€“,1
planned parenthoodÂ® action center,1
transcripts,1
cbos estimate of the effects on direct spending and revenues of the house amendments to the senate amendments to hr the childrens health insurance program reauthorization act of,1
remarks of senator obama the war we need to win,1
library of congress,1
this week transcript geithner,1
obama for america tv ad firms,1
the colbert report,1
stop coddling the superrich,1
did bernie sanders vote against background checks and waiting periods for gun purchases,1
families facing tax increases under trumps tax plan,1
report on geithners tax issues,1
senate begins health care debate amid calls for tort reforms,1
updated the facts about hillary clintonâ€™s emails,1
rand paul republicans arent maybe brave enough to tackle deficit,1
sen sanders warns of â€˜frightening trendâ€™ towards oligarchy,1
the latest political news and headlines from dc and beyond,1
the democratic debate in cleveland,1
rick perry says he switched to gop at a younger age than reagan did,1
hillary rodham clinton senator for new york schumer clinton announce key senate panel approves over million for labor health and human services projects in the hudson valley,1
senator bernie sanders on democratic socialism in the united states,1
the cnn miami republican debate transcript annotated,1
barack obama says us oil production last year was highest since,1
survey results from hays research group,1
the budget and economic outlook fiscal years to,1
testimony submitted to the congressional oversight panelâ€™s hearing on the tarps impact on financial stability,1
remarks by the president on the economy knox college galesburg il,1
the daily show with trevor noah,1
historical aggregate income by fifths and top percent,1
impeachment hint stirs house clash democratic orators spring to roosevelt defense charging malice,1
the obameter introduce a comprehensive immigration bill in the first year,1
trump asking congress not mexico to pay for border wall,1
flake â€œreligious tests should have no place in the senateâ€,1
change we can believe in,1
deputy director of national health statistics in the office of the actuary at the center for medicare and medicaid services,1
romneys prolife conversion myth or reality june,1
interest group ratings,1
